{
	"format_version": "1.8.0",
	"minecraft:entity": {
		"description": {
			"identifier": "minecraft:player",
			"is_spawnable": false,
			"is_summonable": false,
			"is_experimental": false,
			"scripts": {
            // ---- Added ----
				"animate": [
					"walk"
				]
			},
            // ---- Added ----
			"animations": {
				"walk": "controller.animation.walk"
			}
		},
        
/////////////////////////////////////
        
		"component_groups": {
            
            "minecraft:add_bad_omen": {
            "minecraft:spell_effects": {
              "add_effects": [
                {
                  "effect": "bad_omen",
                  "duration": 6000,
                  "display_on_screen_animation": true
                }
              ]
            },
            "minecraft:timer": {
              "time": [ 0.0, 0.0 ],
              "looping": false,
              "time_down_event": {
                "event": "minecraft:clear_add_bad_omen",
                "target": "self"
              }
            }
        },
          "minecraft:clear_bad_omen_spell_effect": {
            "minecraft:spell_effects": {
            }
          },
          "minecraft:raid_trigger": {
            "minecraft:raid_trigger": {
              "triggered_event": {
                "event": "minecraft:remove_raid_trigger",
                "target": "self"
              }
            },
            "minecraft:spell_effects": {
              "remove_effects": "bad_omen"
            }
        },
        // ---- NOT Standard player's caracteristics ----    	
        "minecraft:standard_player": {
            "minecraft:health": {
                "value": 40,
                "max": 40
            },
            "minecraft:movement": {
                "value": 0.1
            },
            "minecraft:attack": {
                "damage": 1
            }
        }

            
    },
    
/////////////////////////////////////        
		"components": {
			"minecraft:type_family": {
				"family": [
					"player"
				]
			},
            "minecraft:is_hidden_when_invisible": {},
			"minecraft:loot": {
				"table": "loot_tables/empty.json"
			},
			"minecraft:collision_box": {
				"width": 0.6,
				"height": 1.8
			},
			"minecraft:can_climb": {},
			"minecraft:movement": {
				"value": 0.1
			},
			"minecraft:environment_sensor": [
                // ---- Reset player ----
				{
					"on_environment": {
						"filters": {
							"any_of": [
								{
									"test": "is_family",
									"subject": "self",
									"value": "player"
								}
							]
						},
						"event": "minecraft:reset_player"
                    }
				}
			],
			"minecraft:player.saturation": {
				"value": 20
			},
			"minecraft:player.exhaustion": {
				"value": 0,
				"max": 4
			},
			"minecraft:player.level": {
				"value": 0,
				"max": 24791
			},
			"minecraft:player.experience": {
				"value": 0,
				"max": 1
			},
			"minecraft:breathable": {
				"totalSupply": 15,
				"suffocateTime": -1,
				"inhaleTime": 3.75,
				"generatesBubbles": false
			},
			"minecraft:nameable": {
				"alwaysShow": true,
				"allowNameTagRenaming": false
			},
			"minecraft:physics": {},
			"minecraft:insomnia": {
				"days_until_insomnia": 3
			},
			"minecraft:rideable": {
				"seat_count": 2,
				"family_types": [
					"parrot_tame"
				],
				"pull_in_entities": true,
				"seats": [
					{
						"position": [
							0.4,
							-0.15,
							0.04
						],
						"min_rider_count": 0,
						"max_rider_count": 0,
						"lock_rider_rotation": 0
					},
					{
						"position": [
							-0.4,
							-0.15,
							0.04
						],
						"min_rider_count": 1,
						"max_rider_count": 2,
						"lock_rider_rotation": 0
					}
				]
			},
			"minecraft:scaffolding_climber": {}
            
		},
        
 /////////////////////////////////////       
        
        
		"events": {
            "minecraft:gain_bad_omen": {
                "add": {
                    "component_groups": [
                    "minecraft:add_bad_omen"
                ]
                }
            },
            "minecraft:clear_add_bad_omen": {
                "remove": {
                "component_groups": [
                    "minecraft:add_bad_omen"
                    ]
                },
                "add": {
                    "component_groups": [
                        "minecraft:clear_bad_omen_spell_effect"
                    ]
                }
            },
            "minecraft:trigger_raid": {
                "add": {
                        "component_groups": [ "minecraft:raid_trigger" ]
                }
            },
            "minecraft:remove_raid_trigger": {
                "remove": {
                    "component_groups": [ "minecraft:raid_trigger" ]
                }
            },
            
            // ---- Added ----
			"minecraft:reset_player": {
				"add": {
					"component_groups": [
						"minecraft:standard_player"
					]
				},
				"remove": {}
			},
            // ---- Added ----
			"minecraft:entity_spawned": {
				"add": {
					"component_groups": [
						"minecraft:standard_player"
					]
				}
			}            
		}
	}
}